folder,clip_filename,game_id,game_clock,distance_ft,result,shot_type,video_time,note,release_frame,seed_frame,seed_x1,seed_y1,seed_x2,seed_y2,extra_seeds,pose_issue
pull_up,OKC_DEN_0309_1_0409_pull_up_2011.mp4,DEN_0309_1,4:09,25,未中,Pull-up,20:11,,85,76,1004,575,1114,776,"[[75, 1063, 684, 1064, 684]]",
pull_up,OKC_DEN_0309_1_0337_pull_up_2044.mp4,DEN_0309_1,3:37,12,命中,Pull-up,20:44,J.Williams助攻,48,38,933,392,1030,683,[],
pull_up,OKC_DEN_0309_1_0033_pull_up_2758.mp4,DEN_0309_1,0:33,16,命中,Pull-up,27:58,SGA助攻,65,55,983,366,1069,576,[],
pull_up,OKC_DEN_0309_2_0857_pull_up_0520.mp4,DEN_0309_2,8:57,25,命中,Pull-up,05:20,无助攻，三分,65,56,1195,242,1290,455,[],yes
pull_up,OKC_DEN_0309_2_0834_pull_up_0603.mp4,DEN_0309_2,8:34,26,未中,Pull-up,06:03,三分,73,63,1333,369,1438,569,[],yes
pull_up,OKC_DEN_0309_2_0803_pull_up_1019.mp4,DEN_0309_2,8:03,26,未中,Pull-up,10:19,三分,73,63,1212,529,1317,760,[],
pull_up,OKC_IND_1023_1_0501_pull_up_1735.mp4,IND_1023_1,5:01,15,未中,Pull-up,17:35,,57,47,1095,380,1202,579,"[[47, 1095, 380, 1202, 579], [47, 1095, 380, 1202, 579], [48, 1094, 376, 1201, 580], [48, 1094, 376, 1201, 580], [48, 1094, 376, 1201, 580], [49, 1102, 368, 1200, 581], [50, 1101, 348, 1192, 579], [50, 1101, 348, 1192, 579], [51, 1103, 332, 1191, 580], [51, 1103, 332, 1191, 580], [52, 1102, 313, 1187, 578], [52, 1102, 313, 1187, 578], [53, 1101, 308, 1187, 574], [54, 1098, 300, 1183, 567], [54, 1098, 300, 1183, 567], [55, 1084, 294, 1178, 563], [56, 1102, 311, 1175, 560], [56, 1102, 311, 1175, 560], [57, 1103, 322, 1175, 560], [57, 1103, 322, 1175, 560], [58, 1098, 329, 1174, 562], [58, 1098, 329, 1174, 562], [58, 1098, 329, 1174, 562], [59, 1095, 333, 1173, 567], [59, 1095, 333, 1173, 567], [60, 1093, 336, 1179, 574], [60, 1093, 336, 1179, 574], [61, 1090, 327, 1176, 580], [61, 1090, 327, 1176, 580], [62, 1090, 335, 1182, 596], [62, 1090, 335, 1182, 596], [63, 1087, 344, 1185, 607], [63, 1087, 344, 1185, 607]]",
pull_up,OKC_IND_1023_1_0003_pull_up_2738.mp4,IND_1023_1,0:03,26,未中,Pull-up,27:38,三分,77,67,1301,324,1383,509,"[[67, 1301, 324, 1383, 509], [68, 1299, 327, 1380, 510], [68, 1299, 327, 1380, 510], [69, 1287, 313, 1381, 512], [69, 1287, 313, 1381, 512], [70, 1262, 305, 1377, 511], [70, 1262, 305, 1377, 511], [70, 1262, 305, 1377, 511], [71, 1225, 276, 1369, 511], [71, 1225, 276, 1369, 511], [72, 1238, 263, 1365, 510], [72, 1238, 263, 1365, 510], [73, 1231, 260, 1362, 513], [73, 1231, 260, 1362, 513], [74, 1233, 245, 1361, 524], [74, 1233, 245, 1361, 524], [75, 1231, 235, 1349, 526], [75, 1231, 235, 1349, 526], [75, 1231, 235, 1349, 526], [86, 1210, 338, 1293, 559], [86, 1210, 338, 1293, 559], [86, 1210, 338, 1293, 559]]",yes
catch_and_shoot,OKC_IND_1023_3_0003_catch_and_shoot_2810.mp4,IND_1023_3,0:03,25,未中,Catch-and-shoot,28:10,三分,65,55,909,686,1032,956,"[[55, 909, 686, 1032, 956], [56, 909, 685, 1049, 955], [56, 909, 685, 1049, 955], [57, 910, 683, 1057, 952], [57, 910, 683, 1057, 952], [57, 910, 683, 1057, 952], [57, 910, 683, 1057, 952], [57, 910, 683, 1057, 952], [58, 914, 655, 1058, 949], [58, 914, 655, 1058, 949], [59, 913, 635, 1057, 944], [59, 913, 635, 1057, 944], [60, 890, 610, 1062, 940], [60, 890, 610, 1062, 940]]",yes
pull_up,OKC_IND_1023_4_0614_pull_up_1448.mp4,IND_1023_4,6:14,25,未中,Pull-up,14:48,三分,61,54,387,463,484,687,"[[54, 387, 463, 484, 687]]",
pull_up,OKC_MEM_0109_2_0341_pull_up_1938.mp4,MEM_0109_2,3:41,13,未中,Pull-up,19:38,,63,53,1134,278,1237,488,"[[53, 1134, 278, 1237, 488], [54, 1142, 253, 1233, 489], [54, 1142, 253, 1233, 489], [55, 1145, 238, 1231, 490], [55, 1145, 238, 1231, 490], [56, 1145, 218, 1220, 490], [56, 1145, 218, 1220, 490], [62, 1124, 177, 1209, 477], [62, 1124, 177, 1209, 477], [68, 1115, 242, 1204, 531], [68, 1115, 242, 1204, 531], [69, 1132, 246, 1206, 546], [69, 1132, 246, 1206, 546], [72, 1141, 305, 1220, 566], [72, 1141, 305, 1220, 566]]",
pull_up,OKC_MEM_0109_2_0056_pull_up_2852.mp4,MEM_0109_2,0:56,26,未中,Pull-up,28:52,三分,65,55,1019,631,1149,842,"[[55, 1019, 631, 1149, 842], [56, 1019, 627, 1141, 843], [56, 1019, 627, 1141, 843], [57, 1021, 616, 1137, 842], [57, 1021, 616, 1137, 842], [60, 1029, 560, 1141, 841], [60, 1029, 560, 1141, 841], [68, 1047, 503, 1152, 814], [68, 1047, 503, 1152, 814], [69, 1050, 515, 1154, 820], [69, 1050, 515, 1154, 820], [71, 1053, 528, 1162, 846], [71, 1053, 528, 1162, 846], [76, 1054, 625, 1184, 929], [76, 1054, 625, 1184, 929], [76, 1054, 625, 1184, 929], [80, 1080, 711, 1239, 956], [80, 1080, 711, 1239, 956], [80, 1080, 711, 1239, 956], [83, 1169, 722, 1297, 982], [83, 1169, 722, 1297, 982], [85, 1197, 724, 1334, 980], [85, 1197, 724, 1334, 980], [89, 1292, 735, 1401, 968], [89, 1292, 735, 1401, 968], [91, 1328, 735, 1443, 985], [91, 1328, 735, 1443, 985], [92, 1348, 735, 1461, 986], [92, 1348, 735, 1461, 986], [94, 1382, 737, 1503, 985], [94, 1382, 737, 1503, 985], [96, 1430, 743, 1551, 985], [96, 1430, 743, 1551, 985], [96, 1430, 743, 1551, 985], [98, 1479, 749, 1604, 982], [98, 1479, 749, 1604, 982]]",
catch_and_shoot,OKC_MEM_0109_3_1017_catch_and_shoot_0226.mp4,MEM_0109_3,10:17,25,未中,Catch-and-shoot,02:26,三分,54,49,367,440,460,705,"[[49, 367, 440, 460, 705], [49, 367, 440, 460, 705], [57, 411, 370, 502, 681], [57, 411, 370, 502, 681], [61, 428, 424, 524, 735], [61, 428, 424, 524, 735], [63, 436, 447, 525, 754], [63, 436, 447, 525, 754], [64, 437, 459, 552, 757], [64, 437, 459, 552, 757], [67, 348, 485, 531, 781], [67, 348, 485, 531, 781], [68, 386, 488, 527, 788], [68, 386, 488, 527, 788], [69, 409, 490, 523, 787], [69, 409, 490, 523, 787], [70, 400, 493, 502, 794], [70, 400, 493, 502, 794]]",
pull_up,OKC_MEM_0109_3_0340_pull_up_2220.mp4,MEM_0109_3,3:40,13,未中,Pull-up,22:20,,56,32,714,473,824,666,"[[32, 714, 473, 824, 666], [39, 708, 479, 836, 711], [39, 708, 479, 836, 711], [40, 709, 484, 824, 716], [40, 709, 484, 824, 716], [42, 710, 506, 812, 738], [42, 710, 506, 812, 738], [42, 710, 506, 812, 738], [42, 710, 506, 812, 738], [43, 712, 511, 828, 739], [43, 712, 511, 828, 739], [56, 787, 343, 897, 698], [56, 787, 343, 897, 698], [57, 790, 360, 902, 707], [57, 790, 360, 902, 707], [60, 797, 393, 909, 750], [60, 797, 393, 909, 750], [62, 800, 429, 917, 782], [62, 800, 429, 917, 782], [63, 806, 460, 909, 787], [63, 806, 460, 909, 787], [64, 803, 487, 897, 802], [64, 803, 487, 897, 802], [65, 799, 508, 890, 808], [65, 799, 508, 890, 808], [66, 804, 542, 885, 810], [66, 804, 542, 885, 810], [67, 798, 574, 886, 809], [67, 798, 574, 886, 809], [68, 796, 579, 892, 812], [68, 796, 579, 892, 812], [69, 790, 579, 882, 823], [69, 790, 579, 882, 823], [70, 786, 581, 878, 830], [70, 786, 581, 878, 830], [71, 778, 580, 882, 837], [71, 778, 580, 882, 837], [72, 774, 579, 879, 838], [72, 774, 579, 879, 838], [73, 769, 581, 859, 842], [73, 769, 581, 859, 842]]",
catch_and_shoot,OKC_MEM_0109_4_1028_catch_and_shoot_0249.mp4,MEM_0109_4,10:28,25,未中,Catch-and-shoot,02:49,三分,74,64,509,329,608,488,"[[64, 509, 329, 608, 488], [65, 504, 331, 601, 488], [65, 504, 331, 601, 488], [68, 487, 288, 581, 493], [68, 487, 288, 581, 493], [69, 477, 276, 576, 490], [69, 477, 276, 576, 490], [70, 473, 256, 568, 480], [70, 473, 256, 568, 480], [71, 472, 250, 563, 471], [71, 472, 250, 563, 471], [72, 435, 228, 551, 443], [72, 435, 228, 551, 443], [73, 449, 218, 545, 426], [73, 449, 218, 545, 426], [75, 405, 235, 556, 445], [75, 405, 235, 556, 445], [77, 373, 249, 519, 473], [77, 373, 249, 519, 473], [80, 409, 268, 501, 546], [80, 409, 268, 501, 546], [81, 395, 278, 503, 565], [81, 395, 278, 503, 565], [82, 386, 295, 495, 587], [82, 386, 295, 495, 587], [83, 382, 329, 484, 599], [83, 382, 329, 484, 599], [84, 368, 352, 474, 618], [84, 368, 352, 474, 618], [86, 340, 394, 456, 638], [86, 340, 394, 456, 638], [87, 320, 427, 437, 650], [87, 320, 427, 437, 650]]",yes
catch_and_shoot,OKC_MEM_0109_4_0525_catch_and_shoot_1559.mp4,MEM_0109_4,5:25,23,命中,Catch-and-shoot,15:59,Caruso助攻，三分,55,45,1339,625,1447,886,"[[45, 1339, 625, 1447, 886], [46, 1337, 627, 1439, 891], [46, 1337, 627, 1439, 891], [47, 1327, 625, 1430, 888], [47, 1327, 625, 1430, 888], [48, 1323, 601, 1425, 891], [48, 1323, 601, 1425, 891], [49, 1319, 578, 1422, 882], [49, 1319, 578, 1422, 882], [57, 1293, 472, 1400, 845], [57, 1293, 472, 1400, 845], [58, 1297, 480, 1403, 847], [58, 1297, 480, 1403, 847], [59, 1300, 476, 1407, 859], [59, 1300, 476, 1407, 859], [61, 1303, 464, 1416, 897], [61, 1303, 464, 1416, 897], [62, 1307, 512, 1423, 907], [62, 1307, 512, 1423, 907], [63, 1312, 488, 1430, 929], [63, 1312, 488, 1430, 929], [64, 1318, 532, 1433, 945], [64, 1318, 532, 1433, 945], [65, 1318, 574, 1444, 959], [65, 1318, 574, 1444, 959]]",
catch_and_shoot,OKC_MEM_0109_4_0441_catch_and_shoot_1701.mp4,MEM_0109_4,4:41,23,未中,Catch-and-shoot,17:01,三分,67,57,757,288,889,506,"[[57, 757, 288, 889, 506], [58, 764, 284, 889, 512], [58, 764, 284, 889, 512], [59, 765, 265, 887, 520], [59, 765, 265, 887, 520], [60, 762, 247, 887, 526], [60, 762, 247, 887, 526], [81, 684, 511, 829, 815], [81, 684, 511, 829, 815], [82, 651, 517, 801, 822], [82, 651, 517, 801, 822]]",
catch_and_shoot,OKC_MEM_0109_4_0226_catch_and_shoot_2608.mp4,MEM_0109_4,2:26,26,命中,Catch-and-shoot,26:08,J.Williams助攻，三分,71,61,758,622,875,867,"[[61, 758, 622, 875, 867], [62, 759, 622, 868, 868], [62, 759, 622, 868, 868], [63, 755, 618, 862, 868], [63, 755, 618, 862, 868], [64, 751, 608, 855, 869], [64, 751, 608, 855, 869], [66, 745, 567, 865, 870], [66, 745, 567, 865, 870], [66, 745, 567, 865, 870], [67, 748, 547, 846, 868], [67, 748, 547, 846, 868], [68, 747, 542, 838, 863], [68, 747, 542, 838, 863], [68, 747, 542, 838, 863], [71, 736, 503, 832, 852], [71, 736, 503, 832, 852], [72, 733, 499, 840, 853], [72, 733, 499, 840, 853], [72, 733, 499, 840, 853], [74, 723, 474, 844, 876], [74, 723, 474, 844, 876], [75, 719, 513, 831, 896], [75, 719, 513, 831, 896], [80, 691, 660, 813, 982], [80, 691, 660, 813, 982], [80, 691, 660, 813, 982], [80, 691, 660, 813, 982], [82, 676, 719, 799, 987], [82, 676, 719, 799, 987], [83, 666, 731, 799, 1080], [83, 666, 731, 799, 1080], [84, 653, 771, 791, 1076], [84, 653, 771, 791, 1076]]",yes
catch_and_shoot,OKC_POR_1105_3_0124_catch_and_shoot_1915.mp4,POR_1105_3,1:24,23,未中,Catch-and-shoot,19:15,三分,67,57,1482,708,1613,998,"[[57, 1482, 708, 1613, 998], [58, 1471, 706, 1606, 999], [58, 1471, 706, 1606, 999], [59, 1472, 700, 1604, 996], [59, 1472, 700, 1604, 996], [59, 1472, 700, 1604, 996], [60, 1469, 671, 1602, 1000], [60, 1469, 671, 1602, 1000], [61, 1477, 635, 1600, 993], [61, 1477, 635, 1600, 993], [61, 1477, 635, 1600, 993], [68, 1489, 536, 1599, 948], [68, 1489, 536, 1599, 948], [77, 1467, 621, 1622, 985], [77, 1467, 621, 1622, 985], [78, 1483, 655, 1607, 987], [78, 1483, 655, 1607, 987], [79, 1484, 662, 1606, 987], [79, 1484, 662, 1606, 987], [80, 1486, 662, 1611, 987], [80, 1486, 662, 1611, 987], [81, 1483, 665, 1597, 987], [81, 1483, 665, 1597, 987], [82, 1478, 671, 1601, 988], [82, 1478, 671, 1601, 988], [83, 1472, 672, 1605, 989], [83, 1472, 672, 1605, 989], [83, 1472, 672, 1605, 989], [89, 1432, 634, 1591, 997], [89, 1432, 634, 1591, 997], [90, 1441, 688, 1588, 998], [90, 1441, 688, 1588, 998], [91, 1418, 651, 1586, 1000], [91, 1418, 651, 1586, 1000], [92, 1402, 656, 1581, 1001], [92, 1402, 656, 1581, 1001], [92, 1402, 656, 1581, 1001], [92, 1402, 656, 1581, 1001], [93, 1384, 638, 1567, 1000], [93, 1384, 638, 1567, 1000]]",
catch_and_shoot,OKC_WSH_1030_1_0001_catch_and_shoot_2619.mp4,WSH_1030_1,0:01,25,未中,Catch-and-shoot,26:19,三分,62,52,337,518,438,705,"[[52, 337, 518, 438, 705], [53, 337, 516, 441, 704], [53, 337, 516, 441, 704], [56, 324, 483, 416, 709], [56, 324, 483, 416, 709], [57, 324, 454, 423, 711], [57, 324, 454, 423, 711], [57, 324, 454, 423, 711], [57, 324, 454, 423, 711], [61, 328, 387, 419, 682], [61, 328, 387, 419, 682], [61, 328, 387, 419, 682], [62, 328, 390, 419, 680], [62, 328, 390, 419, 680], [62, 328, 390, 419, 680], [63, 327, 400, 412, 678], [63, 327, 400, 412, 678], [63, 327, 400, 412, 678], [65, 320, 400, 417, 681], [65, 320, 400, 417, 681], [65, 320, 400, 417, 681], [66, 319, 427, 407, 684], [66, 319, 427, 407, 684], [67, 314, 402, 411, 698], [67, 314, 402, 411, 698], [68, 312, 422, 408, 703], [68, 312, 422, 408, 703], [69, 309, 417, 421, 714], [69, 309, 417, 421, 714], [83, 259, 542, 384, 751], [83, 259, 542, 384, 751], [84, 249, 544, 383, 753], [84, 249, 544, 383, 753], [85, 243, 547, 381, 755], [85, 243, 547, 381, 755], [86, 232, 549, 378, 754], [86, 232, 549, 378, 754], [87, 215, 548, 376, 756], [87, 215, 548, 376, 756], [88, 208, 546, 374, 757], [88, 208, 546, 374, 757], [89, 209, 543, 370, 755], [89, 209, 543, 370, 755], [90, 201, 543, 362, 757], [90, 201, 543, 362, 757]]",yes
catch_and_shoot,OKC_WSH_1030_2_0529_catch_and_shoot_1610.mp4,WSH_1030_2,5:29,25,未中,Catch-and-shoot,16:10,三分,63,53,445,409,548,591,"[[53, 445, 409, 548, 591], [54, 443, 408, 546, 590], [54, 443, 408, 546, 590], [55, 439, 407, 549, 593], [55, 439, 407, 549, 593], [56, 442, 396, 545, 593], [56, 442, 396, 545, 593], [56, 442, 396, 545, 593], [57, 443, 391, 540, 593], [57, 443, 391, 540, 593], [57, 443, 391, 540, 593], [58, 443, 361, 543, 592], [58, 443, 361, 543, 592], [58, 443, 361, 543, 592], [59, 443, 350, 545, 592], [59, 443, 350, 545, 592], [59, 443, 350, 545, 592], [60, 447, 285, 547, 588], [60, 447, 285, 547, 588], [61, 450, 293, 549, 583], [61, 450, 293, 549, 583], [62, 452, 313, 545, 579], [62, 452, 313, 545, 579], [63, 448, 294, 557, 579], [64, 443, 305, 543, 577], [65, 438, 307, 535, 580], [66, 434, 352, 521, 583], [67, 433, 341, 519, 587], [69, 427, 327, 516, 605], [69, 427, 327, 516, 605], [70, 424, 332, 507, 618], [73, 403, 384, 513, 654]]",yes
catch_and_shoot,OKC_WSH_1030_3_0520_catch_and_shoot_1431.mp4,WSH_1030_3,5:20,22,未中,Catch-and-shoot,14:31,,62,52,420,690,556,949,"[[52, 420, 690, 556, 949], [52, 420, 690, 556, 949], [70, 504, 544, 615, 899], [70, 504, 544, 615, 899], [70, 504, 544, 615, 899], [70, 504, 544, 615, 899], [71, 500, 553, 616, 932], [71, 500, 553, 616, 932], [71, 500, 553, 616, 932], [72, 502, 571, 622, 938], [72, 502, 571, 622, 938], [72, 502, 571, 622, 938], [73, 499, 590, 624, 943], [73, 499, 590, 624, 943], [76, 502, 623, 605, 941], [76, 502, 623, 605, 941], [76, 502, 623, 605, 941], [79, 505, 621, 597, 932], [79, 505, 621, 597, 932], [79, 505, 621, 597, 932], [82, 507, 611, 586, 934], [82, 507, 611, 586, 934], [82, 507, 611, 586, 934], [86, 501, 622, 605, 938], [86, 501, 622, 605, 938], [86, 501, 622, 605, 938], [87, 500, 616, 601, 936], [87, 500, 616, 601, 936], [87, 500, 616, 601, 936], [87, 500, 616, 601, 936], [87, 500, 616, 601, 936], [88, 503, 604, 607, 936], [88, 503, 604, 607, 936], [88, 503, 604, 607, 936], [88, 503, 604, 607, 936], [89, 506, 590, 610, 936], [89, 506, 590, 610, 936], [89, 506, 590, 610, 936], [89, 506, 590, 610, 936], [89, 506, 590, 610, 936], [90, 513, 600, 612, 936], [90, 513, 600, 612, 936], [90, 513, 600, 612, 936], [90, 513, 600, 612, 936], [90, 513, 600, 612, 936], [94, 548, 579, 649, 942], [94, 548, 579, 649, 942], [94, 548, 579, 649, 942], [94, 548, 579, 649, 942], [95, 546, 584, 650, 945], [95, 546, 584, 650, 945], [95, 546, 584, 650, 945], [95, 546, 584, 650, 945], [95, 546, 584, 650, 945], [95, 546, 584, 650, 945], [96, 544, 618, 646, 945], [96, 544, 618, 646, 945], [96, 544, 618, 646, 945], [96, 544, 618, 646, 945], [97, 546, 626, 650, 944], [97, 546, 626, 650, 944], [97, 546, 626, 650, 944], [97, 546, 626, 650, 944], [98, 554, 620, 654, 945], [98, 554, 620, 654, 945], [98, 554, 620, 654, 945], [98, 554, 620, 654, 945], [98, 554, 620, 654, 945], [99, 565, 604, 661, 946], [99, 565, 604, 661, 946], [99, 565, 604, 661, 946], [99, 565, 604, 661, 946], [99, 565, 604, 661, 946], [99, 565, 604, 661, 946], [99, 565, 604, 661, 946], [99, 565, 604, 661, 946]]",
catch_and_shoot,OKC_WSH_1030_3_0315_catch_and_shoot_2013.mp4,WSH_1030_3,3:15,22,未中,Catch-and-shoot,20:13,,54,44,1177,422,1271,595,"[[44, 1177, 422, 1271, 595], [44, 1177, 422, 1271, 595], [45, 1170, 415, 1267, 600], [45, 1170, 415, 1267, 600], [45, 1170, 415, 1267, 600], [46, 1171, 418, 1266, 601], [46, 1171, 418, 1266, 601], [46, 1171, 418, 1266, 601], [47, 1170, 409, 1264, 603], [47, 1170, 409, 1264, 603], [47, 1170, 409, 1264, 603], [47, 1170, 409, 1264, 603], [48, 1170, 398, 1262, 602], [48, 1170, 398, 1262, 602], [48, 1170, 398, 1262, 602], [49, 1167, 385, 1259, 602], [49, 1167, 385, 1259, 602], [49, 1167, 385, 1259, 602], [50, 1156, 361, 1254, 600], [50, 1156, 361, 1254, 600], [50, 1156, 361, 1254, 600], [50, 1156, 361, 1254, 600], [51, 1154, 339, 1255, 611], [51, 1154, 339, 1255, 611], [51, 1154, 339, 1255, 611], [66, 1133, 417, 1220, 637], [66, 1133, 417, 1220, 637], [66, 1133, 417, 1220, 637], [67, 1129, 407, 1222, 637], [67, 1129, 407, 1222, 637], [67, 1129, 407, 1222, 637], [68, 1125, 418, 1223, 636], [68, 1125, 418, 1223, 636], [68, 1125, 418, 1223, 636], [68, 1125, 418, 1223, 636], [69, 1108, 398, 1228, 637], [69, 1108, 398, 1228, 637], [69, 1108, 398, 1228, 637], [70, 1108, 400, 1224, 636], [70, 1108, 400, 1224, 636], [70, 1108, 400, 1224, 636], [71, 1107, 393, 1233, 637], [71, 1107, 393, 1233, 637], [71, 1107, 393, 1233, 637], [72, 1109, 406, 1223, 637], [72, 1109, 406, 1223, 637], [72, 1109, 406, 1223, 637], [73, 1105, 414, 1223, 637], [73, 1105, 414, 1223, 637], [73, 1105, 414, 1223, 637], [73, 1105, 414, 1223, 637], [74, 1106, 417, 1221, 636], [74, 1106, 417, 1221, 636], [74, 1106, 417, 1221, 636], [74, 1106, 417, 1221, 636], [78, 1107, 396, 1224, 629], [78, 1107, 396, 1224, 629], [78, 1107, 396, 1224, 629], [79, 1108, 393, 1226, 626], [79, 1108, 393, 1226, 626], [79, 1108, 393, 1226, 626], [79, 1108, 393, 1226, 626], [80, 1107, 393, 1230, 624], [80, 1107, 393, 1230, 624], [80, 1107, 393, 1230, 624], [80, 1107, 393, 1230, 624], [81, 1108, 394, 1232, 623], [81, 1108, 394, 1232, 623], [81, 1108, 394, 1232, 623], [81, 1108, 394, 1232, 623], [82, 1107, 395, 1238, 620], [82, 1107, 395, 1238, 620], [82, 1107, 395, 1238, 620], [82, 1107, 395, 1238, 620], [85, 1115, 391, 1255, 616], [85, 1115, 391, 1255, 616], [85, 1115, 391, 1255, 616], [86, 1116, 392, 1248, 615], [86, 1116, 392, 1248, 615], [86, 1116, 392, 1248, 615], [86, 1116, 392, 1248, 615], [87, 1116, 387, 1261, 616], [87, 1116, 387, 1261, 616], [87, 1116, 387, 1261, 616], [87, 1116, 387, 1261, 616], [88, 1116, 389, 1258, 613], [88, 1116, 389, 1258, 613], [88, 1116, 389, 1258, 613], [88, 1116, 389, 1258, 613], [89, 1122, 388, 1261, 608], [89, 1122, 388, 1261, 608], [89, 1122, 388, 1261, 608], [89, 1122, 388, 1261, 608], [90, 1132, 387, 1239, 604], [90, 1132, 387, 1239, 604], [90, 1132, 387, 1239, 604], [90, 1132, 387, 1239, 604], [91, 1145, 378, 1277, 605], [91, 1145, 378, 1277, 605], [91, 1145, 378, 1277, 605], [91, 1145, 378, 1277, 605]]",
catch_and_shoot,OKC_WSH_1030_3_0047_catch_and_shoot_2455.mp4,WSH_1030_3,0:47,24,命中,Catch-and-shoot,24:55,I.Joe助攻，三分,52,42,461,686,603,943,"[[42, 461, 686, 603, 943], [42, 461, 686, 603, 943], [48, 481, 599, 610, 925], [48, 481, 599, 610, 925], [48, 481, 599, 610, 925], [48, 481, 599, 610, 925], [49, 484, 579, 607, 918], [49, 484, 579, 607, 918], [49, 484, 579, 607, 918], [50, 488, 536, 620, 914], [50, 488, 536, 620, 914], [55, 504, 530, 612, 897], [55, 504, 530, 612, 897], [55, 504, 530, 612, 897], [56, 506, 560, 607, 906], [56, 506, 560, 607, 906], [57, 507, 541, 608, 911], [57, 507, 541, 608, 911], [57, 507, 541, 608, 911], [58, 510, 601, 597, 915], [58, 510, 601, 597, 915], [58, 510, 601, 597, 915], [59, 512, 620, 591, 920], [59, 512, 620, 591, 920], [59, 512, 620, 591, 920], [60, 515, 638, 589, 922], [60, 515, 638, 589, 922], [60, 515, 638, 589, 922], [60, 515, 638, 589, 922], [61, 513, 648, 608, 928], [61, 513, 648, 608, 928], [61, 513, 648, 608, 928], [62, 509, 650, 597, 928], [62, 509, 650, 597, 928], [62, 509, 650, 597, 928], [62, 509, 650, 597, 928], [63, 513, 651, 608, 928], [63, 513, 651, 608, 928], [63, 513, 651, 608, 928], [63, 513, 651, 608, 928], [67, 506, 650, 601, 923], [67, 506, 650, 601, 923], [67, 506, 650, 601, 923], [72, 494, 644, 588, 924], [72, 494, 644, 588, 924], [73, 505, 649, 573, 924], [73, 505, 649, 573, 924], [73, 505, 649, 573, 924], [77, 503, 640, 570, 930], [77, 503, 640, 570, 930], [77, 503, 640, 570, 930], [77, 503, 640, 570, 930], [77, 503, 640, 570, 930], [80, 494, 634, 571, 929], [80, 494, 634, 571, 929], [80, 494, 634, 571, 929]]",
catch_and_shoot,OKC_WSH_1030_4_0829_catch_and_shoot_0933.mp4,WSH_1030_4,8:29,26,未中,Catch-and-shoot,09:33,三分,59,49,946,724,1049,962,"[[49, 946, 724, 1049, 962], [49, 946, 724, 1049, 962], [49, 946, 724, 1049, 962], [53, 947, 689, 1068, 974], [53, 947, 689, 1068, 974], [53, 947, 689, 1068, 974], [53, 947, 689, 1068, 974], [57, 961, 651, 1076, 944], [57, 961, 651, 1076, 944], [57, 961, 651, 1076, 944], [57, 961, 651, 1076, 944], [61, 979, 581, 1076, 931], [61, 979, 581, 1076, 931], [61, 979, 581, 1076, 931], [61, 979, 581, 1076, 931], [65, 1000, 599, 1096, 945], [65, 1000, 599, 1096, 945], [65, 1000, 599, 1096, 945], [67, 1002, 634, 1105, 977], [67, 1002, 634, 1105, 977], [67, 1002, 634, 1105, 977], [67, 1002, 634, 1105, 977], [67, 1002, 634, 1105, 977], [70, 1007, 665, 1137, 980], [70, 1007, 665, 1137, 980], [70, 1007, 665, 1137, 980], [71, 1016, 665, 1144, 977], [71, 1016, 665, 1144, 977], [71, 1016, 665, 1144, 977], [71, 1016, 665, 1144, 977], [91, 1298, 761, 1431, 979], [91, 1298, 761, 1431, 979], [91, 1298, 761, 1431, 979], [92, 1311, 773, 1446, 1002], [92, 1311, 773, 1446, 1002], [92, 1311, 773, 1446, 1002], [92, 1311, 773, 1446, 1002], [94, 1346, 802, 1485, 978], [94, 1346, 802, 1485, 978], [94, 1346, 802, 1485, 978]]",
catch_and_shoot,OKC_WSH_1030_4_0724_catch_and_shoot_1337.mp4,WSH_1030_4,7:24,23,命中,Catch-and-shoot,13:37,Caruso助攻，三分,63,53,394,671,532,916,"[[53, 394, 671, 532, 916], [53, 394, 671, 532, 916], [56, 424, 658, 560, 922], [56, 424, 658, 560, 922], [56, 424, 658, 560, 922], [60, 462, 577, 586, 912], [60, 462, 577, 586, 912], [60, 462, 577, 586, 912], [60, 462, 577, 586, 912], [61, 474, 554, 592, 899], [61, 474, 554, 592, 899], [61, 474, 554, 592, 899], [61, 474, 554, 592, 899], [61, 474, 554, 592, 899], [62, 484, 515, 631, 897], [62, 484, 515, 631, 897], [62, 484, 515, 631, 897], [62, 484, 515, 631, 897], [63, 490, 529, 636, 895], [63, 490, 529, 636, 895], [63, 490, 529, 636, 895], [63, 490, 529, 636, 895], [63, 490, 529, 636, 895], [64, 495, 539, 642, 891], [64, 495, 539, 642, 891], [64, 495, 539, 642, 891], [64, 495, 539, 642, 891], [64, 495, 539, 642, 891], [65, 500, 545, 626, 892], [65, 500, 545, 626, 892], [65, 500, 545, 626, 892], [65, 500, 545, 626, 892], [66, 507, 544, 610, 894], [66, 507, 544, 610, 894], [66, 507, 544, 610, 894], [66, 507, 544, 610, 894], [67, 515, 543, 613, 896], [67, 515, 543, 613, 896], [67, 515, 543, 613, 896], [68, 517, 551, 610, 899], [68, 517, 551, 610, 899], [68, 517, 551, 610, 899], [68, 517, 551, 610, 899], [68, 517, 551, 610, 899], [69, 520, 565, 615, 916], [69, 520, 565, 615, 916], [69, 520, 565, 615, 916], [70, 522, 579, 614, 923], [70, 522, 579, 614, 923], [70, 522, 579, 614, 923], [70, 522, 579, 614, 923], [71, 519, 587, 614, 929], [71, 519, 587, 614, 929], [71, 519, 587, 614, 929], [71, 519, 587, 614, 929], [72, 524, 594, 617, 926], [72, 524, 594, 617, 926], [72, 524, 594, 617, 926], [73, 525, 610, 621, 927], [73, 525, 610, 621, 927], [73, 525, 610, 621, 927], [73, 525, 610, 621, 927], [77, 523, 636, 627, 926], [77, 523, 636, 627, 926], [77, 523, 636, 627, 926], [77, 523, 636, 627, 926], [77, 523, 636, 627, 926], [78, 523, 626, 631, 925], [78, 523, 626, 631, 925], [80, 525, 635, 641, 929], [80, 525, 635, 641, 929], [81, 519, 638, 639, 930], [81, 519, 638, 639, 930], [81, 519, 638, 639, 930], [82, 523, 640, 633, 932], [82, 523, 640, 633, 932], [82, 523, 640, 633, 932], [83, 527, 636, 622, 932], [83, 527, 636, 622, 932], [83, 527, 636, 622, 932], [84, 528, 641, 616, 933], [84, 528, 641, 616, 933], [84, 528, 641, 616, 933], [85, 525, 643, 615, 934], [85, 525, 643, 615, 934], [85, 525, 643, 615, 934], [85, 525, 643, 615, 934], [87, 521, 648, 617, 933], [87, 521, 648, 617, 933], [87, 521, 648, 617, 933], [89, 517, 646, 626, 943], [89, 517, 646, 626, 943], [89, 517, 646, 626, 943], [89, 517, 646, 626, 943], [92, 521, 653, 633, 935], [92, 521, 653, 633, 935], [92, 521, 653, 633, 935], [92, 521, 653, 633, 935], [93, 521, 629, 639, 937], [93, 521, 629, 639, 937], [93, 521, 629, 639, 937], [93, 521, 629, 639, 937], [96, 521, 654, 662, 940], [96, 521, 654, 662, 940], [96, 521, 654, 662, 940], [96, 521, 654, 662, 940], [96, 521, 654, 662, 940], [99, 525, 677, 679, 951], [99, 525, 677, 679, 951], [99, 525, 677, 679, 951]]",
pull_up,OKC_MEM_1109_1_0934_pull_up_0336.mp4,MEM_1109_1,9:34,17,命中,Pull-up,03:36,SGA助攻,75,70,1235,357,1347,673,"[[70, 1235, 357, 1347, 673], [71, 1234, 349, 1345, 669], [71, 1234, 349, 1345, 669], [71, 1234, 349, 1345, 669], [73, 1238, 357, 1350, 664], [73, 1238, 357, 1350, 664], [79, 1250, 438, 1371, 726], [79, 1250, 438, 1371, 726], [81, 1252, 450, 1381, 770], [81, 1252, 450, 1381, 770], [83, 1263, 500, 1389, 791], [83, 1263, 500, 1389, 791], [85, 1273, 543, 1400, 798], [85, 1273, 543, 1400, 798], [85, 1273, 543, 1400, 798], [88, 1287, 545, 1416, 808], [88, 1287, 545, 1416, 808], [88, 1287, 545, 1416, 808], [92, 1292, 564, 1440, 818], [92, 1292, 564, 1440, 818], [92, 1292, 564, 1440, 818], [97, 1293, 577, 1498, 835], [97, 1293, 577, 1498, 835], [99, 1314, 567, 1514, 836], [99, 1314, 567, 1514, 836], [99, 1314, 567, 1514, 836], [99, 1314, 567, 1514, 836], [99, 1314, 567, 1514, 836]]",
pull_up,OKC_MEM_1109_2_1147_pull_up_0010.mp4,MEM_1109_2,11:47,25,命中,Pull-up,00:10,无助攻，三分,49,39,1396,514,1484,696,"[[39, 1396, 514, 1484, 696], [39, 1396, 514, 1484, 696], [40, 1396, 510, 1488, 695], [40, 1396, 510, 1488, 695], [40, 1396, 510, 1488, 695], [40, 1396, 510, 1488, 695], [47, 1400, 393, 1485, 663], [47, 1400, 393, 1485, 663], [47, 1400, 393, 1485, 663], [47, 1400, 393, 1485, 663], [49, 1397, 389, 1479, 651], [49, 1397, 389, 1479, 651], [49, 1397, 389, 1479, 651], [49, 1397, 389, 1479, 651], [49, 1397, 389, 1479, 651], [53, 1390, 408, 1480, 646], [53, 1390, 408, 1480, 646], [53, 1390, 408, 1480, 646], [53, 1390, 408, 1480, 646], [54, 1389, 414, 1479, 650], [54, 1389, 414, 1479, 650], [54, 1389, 414, 1479, 650], [54, 1389, 414, 1479, 650], [56, 1379, 415, 1478, 664], [56, 1379, 415, 1478, 664], [56, 1379, 415, 1478, 664], [56, 1379, 415, 1478, 664], [56, 1379, 415, 1478, 664], [57, 1376, 420, 1480, 676], [57, 1376, 420, 1480, 676], [57, 1376, 420, 1480, 676], [57, 1376, 420, 1480, 676], [57, 1376, 420, 1480, 676], [58, 1378, 423, 1482, 680], [58, 1378, 423, 1482, 680], [58, 1378, 423, 1482, 680], [58, 1378, 423, 1482, 680], [59, 1378, 438, 1485, 683], [59, 1378, 438, 1485, 683], [59, 1378, 438, 1485, 683], [59, 1378, 438, 1485, 683], [60, 1381, 453, 1489, 684], [60, 1381, 453, 1489, 684], [60, 1381, 453, 1489, 684], [61, 1382, 459, 1496, 685], [61, 1382, 459, 1496, 685], [61, 1382, 459, 1496, 685], [61, 1382, 459, 1496, 685], [61, 1382, 459, 1496, 685], [61, 1382, 459, 1496, 685], [62, 1383, 467, 1504, 687], [62, 1383, 467, 1504, 687], [62, 1383, 467, 1504, 687], [62, 1383, 467, 1504, 687], [62, 1383, 467, 1504, 687], [62, 1383, 467, 1504, 687], [63, 1383, 466, 1510, 687], [63, 1383, 466, 1510, 687], [63, 1383, 466, 1510, 687], [63, 1383, 466, 1510, 687], [63, 1383, 466, 1510, 687], [64, 1388, 463, 1518, 684], [64, 1388, 463, 1518, 684], [64, 1388, 463, 1518, 684], [64, 1388, 463, 1518, 684], [65, 1399, 465, 1525, 686], [65, 1399, 465, 1525, 686], [65, 1399, 465, 1525, 686], [65, 1399, 465, 1525, 686], [65, 1399, 465, 1525, 686], [66, 1422, 465, 1539, 689], [66, 1422, 465, 1539, 689], [66, 1422, 465, 1539, 689], [66, 1422, 465, 1539, 689], [66, 1422, 465, 1539, 689], [67, 1452, 467, 1555, 685], [67, 1452, 467, 1555, 685], [67, 1452, 467, 1555, 685], [67, 1452, 467, 1555, 685], [67, 1452, 467, 1555, 685], [68, 1469, 465, 1576, 684], [68, 1469, 465, 1576, 684], [68, 1469, 465, 1576, 684], [68, 1469, 465, 1576, 684], [68, 1469, 465, 1576, 684], [69, 1470, 466, 1590, 680], [69, 1470, 466, 1590, 680], [69, 1470, 466, 1590, 680], [69, 1470, 466, 1590, 680], [70, 1469, 464, 1597, 680], [70, 1469, 464, 1597, 680], [70, 1469, 464, 1597, 680], [70, 1469, 464, 1597, 680], [70, 1469, 464, 1597, 680], [71, 1479, 461, 1600, 681], [71, 1479, 461, 1600, 681], [71, 1479, 461, 1600, 681], [71, 1479, 461, 1600, 681], [77, 1555, 455, 1668, 685], [77, 1555, 455, 1668, 685], [77, 1555, 455, 1668, 685], [77, 1555, 455, 1668, 685], [77, 1555, 455, 1668, 685], [77, 1555, 455, 1668, 685]]",
catch_and_shoot,OKC_MEM_1109_2_0740_catch_and_shoot_0644.mp4,MEM_1109_2,7:40,27,未中,Catch-and-shoot,06:44,三分,59,49,1476,374,1601,623,"[[49, 1476, 374, 1601, 623], [50, 1455, 376, 1597, 620], [50, 1455, 376, 1597, 620], [50, 1455, 376, 1597, 620], [51, 1464, 369, 1586, 619], [52, 1469, 359, 1575, 619], [53, 1466, 341, 1566, 621], [56, 1445, 277, 1544, 612], [56, 1445, 277, 1544, 612], [57, 1426, 258, 1556, 607], [57, 1426, 258, 1556, 607], [59, 1430, 302, 1519, 595], [59, 1430, 302, 1519, 595], [59, 1430, 302, 1519, 595], [59, 1432, 266, 1560, 602], [59, 1432, 266, 1560, 602], [60, 1419, 304, 1514, 602], [60, 1419, 304, 1514, 602], [61, 1418, 324, 1509, 608], [61, 1418, 324, 1509, 608], [62, 1419, 309, 1513, 617], [62, 1419, 309, 1513, 617], [62, 1419, 309, 1513, 617], [63, 1419, 315, 1503, 624], [63, 1419, 315, 1503, 624]]",yes
pull_up,OKC_MEM_1109_3_0701_pull_up_1119.mp4,MEM_1109_3,7:01,24,命中,Pull-up,11:19,无助攻，三分,56,46,362,407,462,603,"[[46, 362, 407, 462, 603], [46, 362, 407, 462, 603], [49, 364, 375, 464, 602], [49, 364, 375, 464, 602], [49, 364, 375, 464, 602], [49, 364, 375, 464, 602], [53, 386, 295, 485, 582], [53, 386, 295, 485, 582], [53, 386, 295, 485, 582], [53, 386, 295, 485, 582], [53, 386, 295, 485, 582], [58, 403, 289, 513, 571], [58, 403, 289, 513, 571], [58, 403, 289, 513, 571], [58, 403, 289, 513, 571], [62, 403, 301, 506, 594], [62, 403, 301, 506, 594], [62, 403, 301, 506, 594], [62, 403, 301, 506, 594], [62, 403, 301, 506, 594], [66, 384, 368, 489, 611], [66, 384, 368, 489, 611], [66, 384, 368, 489, 611], [66, 384, 368, 489, 611], [67, 370, 382, 491, 613], [67, 370, 382, 491, 613], [67, 370, 382, 491, 613], [67, 370, 382, 491, 613], [67, 370, 382, 491, 613], [68, 359, 402, 476, 615], [68, 359, 402, 476, 615], [68, 359, 402, 476, 615], [68, 359, 402, 476, 615], [69, 344, 413, 470, 616], [69, 344, 413, 470, 616], [69, 344, 413, 470, 616], [69, 344, 413, 470, 616], [70, 328, 413, 461, 618], [70, 328, 413, 461, 618], [70, 328, 413, 461, 618], [70, 328, 413, 461, 618]]",
catch_and_shoot,OKC_POR_1123_1_0159_catch_and_shoot_2301.mp4,POR_1123_1,1:59,25,命中,Catch-and-shoot,23:01,Caruso助攻，三分,56,50,417,455,515,736,"[[50, 417, 455, 515, 736], [50, 417, 455, 515, 736], [50, 417, 455, 515, 736], [55, 411, 313, 552, 712], [55, 411, 313, 552, 712], [55, 411, 313, 552, 712], [55, 411, 313, 552, 712], [59, 410, 389, 523, 723], [59, 410, 389, 523, 723], [59, 410, 389, 523, 723], [59, 410, 389, 523, 723], [59, 410, 389, 523, 723], [60, 408, 392, 523, 733], [60, 408, 392, 523, 733], [60, 408, 392, 523, 733], [60, 408, 392, 523, 733], [60, 408, 392, 523, 733], [61, 407, 402, 526, 753], [61, 407, 402, 526, 753], [61, 407, 402, 526, 753], [61, 407, 402, 526, 753], [64, 398, 438, 492, 804], [64, 398, 438, 492, 804], [65, 395, 458, 495, 812], [65, 395, 458, 495, 812], [65, 395, 458, 495, 812], [65, 395, 458, 495, 812], [65, 395, 458, 495, 812], [65, 395, 458, 495, 812], [67, 379, 455, 504, 827], [67, 379, 455, 504, 827], [67, 379, 455, 504, 827], [67, 379, 455, 504, 827], [68, 375, 552, 476, 831], [68, 375, 552, 476, 831], [68, 375, 552, 476, 831], [68, 375, 552, 476, 831], [69, 366, 555, 478, 838], [69, 366, 555, 478, 838], [70, 356, 492, 466, 839], [70, 356, 492, 466, 839], [71, 327, 514, 444, 840], [71, 327, 514, 444, 840], [72, 336, 532, 428, 842], [72, 336, 532, 428, 842], [72, 336, 532, 428, 842], [73, 330, 545, 414, 843], [73, 330, 545, 414, 843], [74, 313, 565, 407, 842], [74, 313, 565, 407, 842], [74, 313, 565, 407, 842], [75, 297, 553, 399, 841], [75, 297, 553, 399, 841], [75, 297, 553, 399, 841], [76, 284, 550, 392, 842], [76, 284, 550, 392, 842], [76, 284, 550, 392, 842], [77, 262, 486, 387, 843], [77, 262, 486, 387, 843], [77, 262, 486, 387, 843], [78, 253, 482, 380, 844], [78, 253, 482, 380, 844], [78, 253, 482, 380, 844], [78, 253, 482, 380, 844], [79, 233, 482, 372, 844], [79, 233, 482, 372, 844], [79, 233, 482, 372, 844]]",
pull_up,OKC_POR_1123_3_0028_pull_up_2615.mp4,POR_1123_3,0:28,27,命中,Pull-up,26:15,I.Joe助攻，三分,63,53,1326,440,1431,647,"[[53, 1326, 440, 1431, 647], [53, 1326, 440, 1431, 647], [57, 1347, 388, 1443, 654], [57, 1347, 388, 1443, 654], [57, 1347, 388, 1443, 654], [58, 1353, 374, 1448, 654], [58, 1353, 374, 1448, 654], [58, 1353, 374, 1448, 654], [58, 1353, 374, 1448, 654], [59, 1357, 353, 1449, 654], [59, 1357, 353, 1449, 654], [59, 1357, 353, 1449, 654], [59, 1357, 353, 1449, 654], [59, 1357, 353, 1449, 654], [60, 1359, 336, 1455, 642], [60, 1359, 336, 1455, 642], [60, 1359, 336, 1455, 642], [60, 1359, 336, 1455, 642], [65, 1366, 303, 1483, 628], [65, 1366, 303, 1483, 628], [65, 1366, 303, 1483, 628], [65, 1366, 303, 1483, 628], [65, 1366, 303, 1483, 628], [69, 1387, 362, 1490, 659], [69, 1387, 362, 1490, 659], [69, 1387, 362, 1490, 659], [69, 1387, 362, 1490, 659], [75, 1412, 427, 1520, 717], [75, 1412, 427, 1520, 717], [75, 1412, 427, 1520, 717], [75, 1412, 427, 1520, 717], [80, 1426, 430, 1547, 730], [80, 1426, 430, 1547, 730], [80, 1426, 430, 1547, 730], [80, 1426, 430, 1547, 730], [80, 1426, 430, 1547, 730], [86, 1436, 455, 1574, 745], [86, 1436, 455, 1574, 745], [86, 1436, 455, 1574, 745], [86, 1436, 455, 1574, 745], [86, 1436, 455, 1574, 745], [86, 1436, 455, 1574, 745], [91, 1486, 468, 1596, 753], [91, 1486, 468, 1596, 753], [91, 1486, 468, 1596, 753], [91, 1486, 468, 1596, 753], [94, 1474, 467, 1611, 754], [94, 1474, 467, 1611, 754], [94, 1474, 467, 1611, 754], [94, 1474, 467, 1611, 754], [94, 1474, 467, 1611, 754], [98, 1531, 475, 1626, 759], [98, 1531, 475, 1626, 759], [98, 1531, 475, 1626, 759], [98, 1531, 475, 1626, 759], [98, 1531, 475, 1626, 759]]",
pull_up,OKC_DAL_1027_2_0658_pull_up_one_dribble_1215.mp4,DAL_1027_2,6:58,25,未中,Pull-up(one dribble),12:15,三分,54,44,1021,681,1176,951,"[[44, 1021, 681, 1176, 951], [44, 1021, 681, 1176, 951], [44, 1021, 681, 1176, 951], [44, 1021, 681, 1176, 951], [47, 1040, 650, 1171, 950], [47, 1040, 650, 1171, 950], [47, 1040, 650, 1171, 950], [47, 1040, 650, 1171, 950], [71, 1139, 673, 1322, 978], [71, 1139, 673, 1322, 978], [71, 1139, 673, 1322, 978], [72, 1149, 677, 1342, 984], [72, 1149, 677, 1342, 984], [73, 1185, 680, 1362, 991], [73, 1185, 680, 1362, 991], [73, 1185, 680, 1362, 991], [77, 1294, 681, 1446, 1010], [77, 1294, 681, 1446, 1010], [77, 1294, 681, 1446, 1010], [77, 1294, 681, 1446, 1010], [78, 1310, 680, 1457, 1020], [78, 1310, 680, 1457, 1020], [78, 1310, 680, 1457, 1020], [82, 1375, 707, 1509, 1048], [82, 1375, 707, 1509, 1048], [82, 1375, 707, 1509, 1048], [82, 1375, 707, 1509, 1048]]",
pull_up,OKC_DAL_1027_4_0904_pull_up_one_dribble_with_interefence_0544.mp4,DAL_1027_4,9:04,25,未中,"Pull-up(one dribble), with interefence",05:44,三分,56,46,520,616,663,904,"[[46, 520, 616, 663, 904], [46, 520, 616, 663, 904], [47, 519, 618, 677, 903], [47, 519, 618, 677, 903], [47, 519, 618, 677, 903], [49, 520, 608, 675, 902], [49, 520, 608, 675, 902], [49, 520, 608, 675, 902], [49, 520, 608, 675, 902], [66, 569, 530, 665, 901], [66, 569, 530, 665, 901], [67, 555, 555, 666, 906], [67, 555, 555, 666, 906], [67, 555, 555, 666, 906], [68, 551, 580, 663, 912], [68, 551, 580, 663, 912], [68, 551, 580, 663, 912], [68, 551, 580, 663, 912], [74, 485, 615, 631, 951], [74, 485, 615, 631, 951], [74, 485, 615, 631, 951], [74, 485, 615, 631, 951], [77, 450, 613, 611, 956], [77, 450, 613, 611, 956], [77, 450, 613, 611, 956], [77, 450, 613, 611, 956], [81, 395, 640, 554, 989], [81, 395, 640, 554, 989], [81, 395, 640, 554, 989], [82, 387, 652, 551, 998], [82, 387, 652, 551, 998], [82, 387, 652, 551, 998], [85, 332, 662, 525, 1023], [85, 332, 662, 525, 1023], [85, 332, 662, 525, 1023]]",
pull_up,OKC_DAL_1027_4_0404_pull_up_1959.mp4,DAL_1027_4,4:04,24,未中,Pull-up,19:59,三分,39,29,589,616,743,878,"[[29, 589, 616, 743, 878], [29, 589, 616, 743, 878], [30, 601, 620, 752, 871], [30, 601, 620, 752, 871], [30, 601, 620, 752, 871], [30, 601, 620, 752, 871], [34, 619, 564, 732, 884], [34, 619, 564, 732, 884], [34, 619, 564, 732, 884], [42, 649, 450, 761, 819], [42, 649, 450, 761, 819], [42, 649, 450, 761, 819], [43, 653, 452, 758, 819], [43, 653, 452, 758, 819], [43, 653, 452, 758, 819], [44, 654, 467, 777, 825], [44, 654, 467, 777, 825], [44, 654, 467, 777, 825], [44, 654, 467, 777, 825], [47, 661, 491, 795, 868], [47, 661, 491, 795, 868], [47, 661, 491, 795, 868], [50, 646, 588, 785, 910], [50, 646, 588, 785, 910], [50, 646, 588, 785, 910], [54, 613, 647, 762, 923], [54, 613, 647, 762, 923], [54, 613, 647, 762, 923], [54, 613, 647, 762, 923], [60, 510, 653, 636, 964], [60, 510, 653, 636, 964], [60, 510, 653, 636, 964], [63, 447, 665, 598, 999], [63, 447, 665, 598, 999], [63, 447, 665, 598, 999], [67, 373, 690, 499, 1027], [67, 373, 690, 499, 1027], [67, 373, 690, 499, 1027], [67, 373, 690, 499, 1027], [70, 288, 698, 476, 1054], [70, 288, 698, 476, 1054], [70, 288, 698, 476, 1054]]",
catch_and_shoot,OKC_DAL_1027_4_0338_catch_and_shoot_2206.mp4,DAL_1027_4,3:38,24,未中,Catch-and-shoot,22:06,三分,64,56,316,410,411,625,"[[56, 316, 410, 411, 625], [56, 316, 410, 411, 625], [59, 312, 366, 413, 626], [59, 312, 366, 413, 626], [59, 312, 366, 413, 626], [59, 312, 366, 413, 626], [62, 316, 308, 407, 610], [62, 316, 308, 407, 610], [62, 316, 308, 407, 610], [64, 316, 305, 420, 604], [64, 316, 305, 420, 604], [64, 316, 305, 420, 604], [65, 313, 310, 420, 603], [65, 313, 310, 420, 603], [65, 313, 310, 420, 603], [66, 310, 308, 424, 603], [66, 310, 308, 424, 603], [66, 310, 308, 424, 603], [66, 310, 308, 424, 603], [67, 307, 315, 421, 604], [67, 307, 315, 421, 604], [67, 307, 315, 421, 604], [68, 301, 314, 423, 610], [68, 301, 314, 423, 610], [68, 301, 314, 423, 610], [68, 301, 314, 423, 610], [69, 300, 317, 419, 624], [69, 300, 317, 419, 624], [69, 300, 317, 419, 624], [70, 302, 319, 413, 637], [70, 302, 319, 413, 637], [70, 302, 319, 413, 637], [70, 302, 319, 413, 637], [71, 299, 331, 405, 658], [71, 299, 331, 405, 658], [71, 299, 331, 405, 658], [71, 299, 331, 405, 658], [74, 287, 379, 380, 674], [74, 287, 379, 380, 674], [74, 287, 379, 380, 674], [77, 263, 382, 369, 685], [77, 263, 382, 369, 685], [77, 263, 382, 369, 685], [77, 263, 382, 369, 685], [77, 263, 382, 369, 685], [77, 263, 382, 369, 685], [79, 245, 398, 353, 695], [79, 245, 398, 353, 695], [79, 245, 398, 353, 695], [81, 231, 416, 338, 697], [81, 231, 416, 338, 697], [81, 231, 416, 338, 697], [84, 217, 425, 333, 703], [84, 217, 425, 333, 703], [86, 204, 425, 385, 711], [86, 204, 425, 385, 711], [87, 200, 433, 365, 713], [87, 200, 433, 365, 713], [87, 200, 433, 365, 713], [92, 124, 436, 280, 723], [92, 124, 436, 280, 723], [92, 124, 436, 280, 723], [92, 124, 436, 280, 723]]",
catch_and_shoot,OKC_PHI_1228_1_0207_catch_and_shoot_2140.mp4,PHI_1228_1,2:07,23,命中,Catch-and-shoot,21:40,C.Wallace助攻，三分,75,65,1263,288,1377,441,"[[65, 1263, 288, 1377, 441], [69, 1223, 256, 1323, 462], [69, 1223, 256, 1323, 462], [69, 1223, 256, 1323, 462], [69, 1223, 256, 1323, 462], [70, 1203, 237, 1282, 460], [70, 1203, 237, 1282, 460], [70, 1214, 237, 1315, 472], [70, 1214, 237, 1315, 472], [70, 1214, 237, 1315, 472], [71, 1198, 234, 1283, 434], [71, 1198, 234, 1283, 434], [72, 1184, 209, 1277, 432], [72, 1184, 209, 1277, 432], [72, 1184, 209, 1277, 432], [84, 1042, 270, 1126, 501], [84, 1042, 270, 1126, 501], [85, 1020, 275, 1095, 505], [85, 1020, 275, 1095, 505], [86, 1012, 285, 1091, 512], [86, 1012, 285, 1091, 512], [86, 1012, 285, 1091, 512], [87, 997, 297, 1087, 526], [87, 997, 297, 1087, 526], [87, 997, 297, 1087, 526], [90, 986, 304, 1070, 493], [90, 986, 304, 1070, 493], [91, 958, 318, 1054, 617], [91, 958, 318, 1054, 617], [92, 944, 330, 1041, 630], [92, 944, 330, 1041, 630], [93, 957, 304, 1035, 550], [93, 957, 304, 1035, 550], [93, 957, 304, 1035, 550], [93, 957, 304, 1035, 550], [94, 948, 308, 1027, 528], [94, 948, 308, 1027, 528], [94, 948, 308, 1027, 528], [95, 943, 310, 1019, 520], [95, 943, 310, 1019, 520], [95, 943, 310, 1019, 520]]",
catch_and_shoot,OKC_PHI_1228_2_0818_catch_and_shoot_1058.mp4,PHI_1228_2,8:18,25,未中,Catch-and-shoot,10:58,三分,67,59,189,482,298,707,"[[59, 189, 482, 298, 707], [59, 189, 482, 298, 707], [60, 193, 465, 303, 707], [60, 193, 465, 303, 707], [60, 193, 465, 303, 707], [65, 235, 375, 335, 695], [65, 235, 375, 335, 695], [65, 235, 375, 335, 695], [67, 242, 388, 347, 692], [67, 242, 388, 347, 692], [67, 242, 388, 347, 692], [69, 252, 381, 362, 700], [69, 252, 381, 362, 700], [69, 252, 381, 362, 700], [71, 267, 394, 370, 719], [71, 267, 394, 370, 719], [71, 267, 394, 370, 719], [78, 269, 491, 375, 786], [78, 269, 491, 375, 786], [78, 269, 491, 375, 786], [79, 263, 501, 376, 787], [79, 263, 501, 376, 787], [79, 263, 501, 376, 787], [83, 254, 488, 382, 803], [83, 254, 488, 382, 803], [83, 254, 488, 382, 803], [88, 237, 492, 354, 798], [88, 237, 492, 354, 798], [88, 237, 492, 354, 798], [88, 237, 492, 354, 798], [92, 208, 498, 343, 802], [92, 208, 498, 343, 802], [92, 208, 498, 343, 802], [95, 174, 548, 333, 803], [95, 174, 548, 333, 803], [95, 174, 548, 333, 803], [96, 161, 537, 327, 805], [96, 161, 537, 327, 805], [96, 161, 537, 327, 805], [98, 140, 532, 313, 806], [98, 140, 532, 313, 806]]",
catch_and_shoot,OKC_PHI_1228_2_0745_catch_and_shoot_1137.mp4,PHI_1228_2,7:45,23,命中,Catch-and-shoot,11:37,Wiggins助攻，三分,67,60,917,303,1010,499,"[[60, 917, 303, 1010, 499], [61, 910, 288, 1000, 501], [61, 910, 288, 1000, 501], [61, 910, 288, 1000, 501], [86, 742, 344, 829, 597], [86, 742, 344, 829, 597]]",
catch_and_shoot,OKC_PHI_1228_4_1102_catch_and_shoot_0147.mp4,PHI_1228_4,11:02,24,未中,Catch-and-shoot,01:47,三分,50,40,191,635,421,914,"[[40, 191, 635, 421, 914], [47, 319, 507, 460, 886], [47, 319, 507, 460, 886], [47, 319, 507, 460, 886], [50, 340, 473, 497, 877], [50, 340, 473, 497, 877], [50, 340, 473, 497, 877], [54, 375, 497, 495, 884], [54, 375, 497, 495, 884], [54, 375, 497, 495, 884], [58, 397, 545, 490, 944], [58, 397, 545, 490, 944], [61, 407, 633, 508, 955], [61, 407, 633, 508, 955], [62, 416, 625, 529, 961], [62, 416, 625, 529, 961], [63, 421, 614, 525, 958], [63, 421, 614, 525, 958], [64, 418, 619, 522, 968], [64, 418, 619, 522, 968], [64, 418, 619, 522, 968], [67, 426, 648, 527, 969], [67, 426, 648, 527, 969], [67, 426, 648, 527, 969], [70, 429, 657, 559, 978], [70, 429, 657, 559, 978], [70, 429, 657, 559, 978], [75, 444, 657, 535, 976], [75, 444, 657, 535, 976], [75, 444, 657, 535, 976], [75, 444, 657, 535, 976], [78, 446, 659, 540, 978], [78, 446, 659, 540, 978], [78, 446, 659, 540, 978], [80, 448, 656, 547, 979], [80, 448, 656, 547, 979], [80, 448, 656, 547, 979], [80, 448, 656, 547, 979], [80, 448, 656, 547, 979], [81, 454, 652, 550, 978], [81, 454, 652, 550, 978], [81, 454, 652, 550, 978], [81, 454, 652, 550, 978], [82, 457, 654, 552, 978], [82, 457, 654, 552, 978], [82, 457, 654, 552, 978], [82, 457, 654, 552, 978], [84, 450, 659, 559, 979], [84, 450, 659, 559, 979], [84, 450, 659, 559, 979], [84, 450, 659, 559, 979], [85, 448, 668, 562, 980], [85, 448, 668, 562, 980], [85, 448, 668, 562, 980], [85, 448, 668, 562, 980], [86, 449, 660, 566, 980], [86, 449, 660, 566, 980], [86, 449, 660, 566, 980], [86, 449, 660, 566, 980], [87, 451, 667, 570, 980], [87, 451, 667, 570, 980], [87, 451, 667, 570, 980], [88, 456, 665, 573, 979], [88, 456, 665, 573, 979], [88, 456, 665, 573, 979], [92, 476, 639, 595, 974], [92, 476, 639, 595, 974], [92, 476, 639, 595, 974], [93, 478, 631, 615, 975], [93, 478, 631, 615, 975], [93, 478, 631, 615, 975]]",
